<?xml version="1.0" encoding="UTF-8"?>
<beans xmlns="http://www.springframework.org/schema/beans"
	xmlns:xsi="http://www.w3.org/2001/XMLSchema-instance" xmlns:context="http://www.springframework.org/schema/context"
	xsi:schemaLocation="http://www.springframework.org/schema/beans http://www.springframework.org/schema/beans/spring-beans.xsd
		http://www.springframework.org/schema/context http://www.springframework.org/schema/context/spring-context-3.1.xsd">

	<bean class="com.psl.Ticket" id="ticket" lazy-init="true" autowire="byType">
		<property name="tNo" value="001" />
		<!-- <constructor-arg ref="passenger"/> <constructor-arg ref="train" /> -->
	</bean>
	<!-- 
	<bean class="com.psl.Train" id="train">
		<property name="name" value="PSL Express" />
		<property name="seats" value="1000" />
		<property name="source" value="Madgao" />
		<property name="destination" value="Pune" />
	</bean> 
	-->
	<bean class="com.psl.Passenger" id="passenger" autowire="constructor">
		<constructor-arg value="Vishal S. Robertson" />
		<constructor-arg value="9764644889" />
		<!-- <constructor-arg name="address" ref="address" /> -->
	</bean>
	<bean class="com.psl.Address" id="address1" primary="false" abstract="true">
		<constructor-arg name="city" value="Mapusa" />
		<constructor-arg name="state" value="Goa" />
		<constructor-arg name="zip" value="403507" />
	</bean>
	<bean class="com.psl.Address" id="address2" primary="true" autowire-candidate="true">
		<constructor-arg name="city" value="Rachol" />
		<constructor-arg name="state" value="Goa" />
		<constructor-arg name="zip" value="403555" />
	</bean>
	<bean class="com.psl.AddressDetails" id="addressDetail" parent="address1">
		<constructor-arg name="landmark" value="Church" />
	</bean>
	<context:component-scan base-package="com.psl" />
</beans>