<?xml version="1.0" encoding="UTF-8"?>
<beans xmlns="http://www.springframework.org/schema/beans"
	xmlns:xsi="http://www.w3.org/2001/XMLSchema-instance"
	xmlns:context="http://www.springframework.org/schema/context"
	xmlns:mvc="http://www.springframework.org/schema/mvc"
	xsi:schemaLocation="http://www.springframework.org/schema/mvc http://www.springframework.org/schema/mvc/spring-mvc-3.1.xsd
		http://www.springframework.org/schema/beans http://www.springframework.org/schema/beans/spring-beans.xsd
		http://www.springframework.org/schema/context http://www.springframework.org/schema/context/spring-context-3.1.xsd">

	<context:component-scan base-package="com.psl"></context:component-scan>

	<mvc:annotation-driven></mvc:annotation-driven>
	
	<bean
		class="org.springframework.web.servlet.view.InternalResourceViewResolver"
		id="vr">
		<property name="prefix" value="/WEB-INF/pages/"></property>
		<property name="suffix" value=".jsp"></property>
	</bean>

	<bean class="org.springframework.jdbc.core.JdbcTemplate" id="template">
		<property name="dataSource" ref="ds"></property>
	</bean>

	<bean class="org.springframework.jdbc.datasource.DriverManagerDataSource"
		id="ds">
		<property name="driverClassName" value="com.mysql.jdbc.Driver"></property>
		<property name="url" value="jdbc:mysql://localhost:3306/bloodbankdb"></property>
		<property name="username" value="root"></property>
		<property name="password" value="root"></property>
	</bean>

</beans>
